URLKeys,Category
nha-sach-tiki,8322
nha-cua-doi-song,1883
dien-thoai-may-tinh-bang,1789
do-choi-me-be,2549
thiet-bi-kts-phu-kien-so,1815
dien-gia-dung,1882
lam-dep-suc-khoe,1520
o-to-xe-may-xe-dap,8594
thoi-trang-nu,931
bach-hoa-online,4384
the-thao-da-ngoai,1975
thoi-trang-nam,915
cross-border-hang-quoc-te,17166
laptop-may-vi-tinh-linh-kien,1846
giay-dep-nam,1686
dien-tu-dien-lanh,4221
giay-dep-nu,1703
may-anh,1801
phu-kien-thoi-trang,27498
ngon,44792
dong-ho-va-trang-suc,8371
balo-va-vali,6000
voucher-dich-vu,11312
tui-vi-nu,976
tui-thoi-trang-nam,27616
cham-soc-nha-cua,15078
